ID,B11,Na23,Mg25,Al27,P31,S34,K39,Ca43,Mn55,Fe57,Co59,Ni60,Cu65,Zn66,As75,Se82,Rb85,Sr88,Mo98,Cd111
Mo18W,3.874334287,2.699803003,1209.119962,1.159655974,3509.623091,1241.050997,4546.090617,69.05345218,5.485020362,19.49540374,0.001408186,0.108900792,2.605029684,26.74174673,0.006017037,1.014578695,2.92031113,0.14103496,0.272594452,0.007545187
CO255,4.203434611,2.392300031,1517.338218,1.171460433,3838.148522,1142.967882,3821.796218,72.8375918,8.061304903,26.75362503,0.002269896,0.2656214,2.042446653,22.41689048,0.01676602,1.176276784,0.679793457,0.165920351,0.58400326,0.008001978
NC296A,3.046567208,1.661533364,1191.508232,0.689518675,3132.114338,1100.383456,4655.913198,52.30023858,5.653690995,19.67978883,0.001402472,0.140909923,0.83051622,19.49823276,0.008768311,1.610679279,2.366690146,0.103317402,0.160483687,0.008021519
NC250,3.842975975,2.174880524,1360.849512,0.877135438,3196.539825,1078.74203,3340.848656,57.9370599,7.72474019,16.7579111,0.001055671,0.225230708,1.46750708,22.91645247,0.013372821,1.498889437,1.36242847,0.118163213,0.210733864,0.008863535
ILLHy,3.137982129,1.668476615,1357.917755,0.763453471,3334.942403,1151.96358,3744.899826,78.71026711,6.196459396,17.1149955,0.001602211,0.138732712,1.21354415,26.22723012,0.007456466,0.991595846,1.16413466,0.110955983,0.134094274,0.009326666
F6,3.712561488,2.13307053,1706.135359,1.074457187,3432.189933,1393.320642,3410.011785,91.54915324,6.195306354,22.05157889,0.001196131,0.165919149,2.46492189,32.63340161,0.008442528,1.940876902,1.347211264,0.182175929,0.217261271,0.009338704
CML220,3.744985661,2.265735975,1553.862425,0.686560621,3699.292953,1023.411311,3788.591236,76.64239371,3.464806053,23.25929965,0.001524786,0.219993644,1.809849618,33.46206587,0.010436282,1.50847347,1.570964501,0.141734504,0.227540794,0.009887449
NC296,3.211642997,1.862643006,1091.315387,0.855763567,2939.826276,1046.583967,4121.336407,46.20195941,6.117893738,21.76181209,0.001365266,0.073179549,0.637742409,24.08590228,0.010158211,1.845440634,1.500182937,0.084029983,0.153911101,0.01019483
NC328,3.918643275,2.148998511,1261.207482,1.102962234,3143.122462,1121.262864,3542.873898,64.58989654,4.860554573,20.69325228,0.001104104,0.206043042,1.597996896,24.45120739,0.009272689,1.586975404,1.700581115,0.13537995,0.132068573,0.010822168
CM37,3.877168987,2.603807016,1497.008456,0.501988602,3846.364976,1238.360444,4111.338633,41.7671827,4.994517937,21.08859409,0.000895418,0.111635486,2.699015513,30.19950079,0.011101057,1.396664064,0.803826203,0.09301697,0.369348967,0.011214298
K55,3.542958192,3.649913682,1416.316724,0.681781466,3774.656952,1123.246087,3566.668161,41.29243024,4.348428388,24.43153722,0.001580289,0.362538698,1.978998107,25.4729496,0.011960686,1.479367501,0.747693829,0.094674865,0.12174772,0.011295377
NC368,3.471797301,1.545106992,1213.980694,0.737666725,3643.217944,1013.15831,3509.682187,48.09757104,5.575396594,17.42573712,0.00097919,0.18245705,1.94845419,18.65198347,0.009966059,1.3626371,0.917081719,0.075974495,0.279361201,0.011309383
B103,4.893847148,3.494685957,1170.403906,0.797951445,3260.905145,1059.130187,4299.899402,39.73933038,4.376066329,20.58615318,0.001022503,0.247352235,1.574973402,24.43534957,0.013165148,2.108983028,1.220540738,0.115402368,0.236508981,0.011716585
NC326,3.903980939,1.628928003,1112.384109,0.660878065,2907.616769,1108.046851,4095.009637,36.78024283,4.708709488,20.04184654,0.001222432,0.19356447,1.32337576,18.29232732,0.013361121,1.370584412,1.257750915,0.070755434,0.175185605,0.012038226
MS153,4.132603071,2.161726388,1128.757179,0.521904388,2869.443556,954.4509067,3860.498347,35.80152388,5.974846422,18.47734448,0.001141251,0.111600915,3.068547347,18.82161285,0.014493893,1.567447645,1.34052317,0.070730224,0.206860712,0.012063705
B105,4.183423958,2.943821624,1371.919709,0.784857722,3001.051254,1173.203348,3554.140948,87.98999951,6.846791567,18.74377358,0.001033277,0.225451491,0.770806985,23.42772917,0.013367637,1.564910333,1.562615865,0.222745783,0.322627448,0.012132737
B2,4.273992989,3.160233676,1364.77295,1.473573823,3738.214107,1070.734219,4028.05592,75.67077397,8.172770703,31.14106453,0.001195737,0.087877501,3.708664652,29.88379268,0.009778514,1.667003075,0.995702649,0.181295663,0.170128731,0.012424106
H91,4.138775748,1.831406769,1387.015368,0.413690436,4123.40648,1302.033809,4286.592721,32.23726159,9.030695964,17.61532338,0.001057836,0.355247088,1.629689119,20.51624923,0.011867293,1.371328905,1.246290604,0.072426457,0.136794679,0.012900179
CH9,3.666856615,2.471085957,1315.717059,0.592383287,3571.817417,1125.634481,4090.304,44.83064262,5.330684121,16.77813268,0.001427419,0.229119737,1.076537729,21.54199343,0.011118342,1.530486445,2.303242068,0.120819595,0.199942766,0.012990483
N192,4.184159806,2.089823579,1492.791265,0.775302826,3638.428752,1259.054317,3959.45304,57.59422889,7.053993248,19.45710398,0.000781955,0.254694415,1.510089007,22.85561214,0.009690516,1.373624287,1.922308289,0.144749765,0.223014629,0.013071854
W153R,3.645081156,1.700793664,1613.972022,0.423658829,3922.752065,1359.512328,4165.265006,65.69382331,6.817328337,32.29228149,0.00108662,0.305956722,2.53785185,34.94204763,0.012139573,1.525337418,1.594383183,0.121278682,0.302932059,0.013340453
Va22,4.474207234,2.890549746,1560.944694,0.781720894,3958.106286,1327.696282,3931.849132,51.54701379,9.338154941,23.22705223,0.001120591,0.215380301,4.053627111,28.38665262,0.013987512,1.647289358,1.390396692,0.080340995,0.334466249,0.013383727
B97,3.857647774,2.630686606,1331.039158,0.515681047,3063.793921,956.912287,3195.574926,71.15548293,6.225027155,18.63274535,0.001114518,0.200925542,1.847157219,22.69570747,0.011041734,2.051594861,1.374498036,0.143570467,0.341837568,0.013841063
B104,3.535495295,2.892011453,1143.71126,0.632948713,2596.36044,986.2065781,3212.867134,49.26277476,6.248157711,15.81609655,0.001011583,0.326885389,1.313585326,16.37393625,0.012115752,1.243596878,1.42504889,0.11394647,0.220649346,0.014051412
Va26,3.538042579,1.740869723,1333.907411,0.608515701,3324.771213,1136.5097,4331.728211,39.37580094,4.258805544,23.00036652,0.00115399,0.226653495,1.29809056,22.19258276,0.012926619,2.26354598,2.146323438,0.078057304,0.362290703,0.014144865
NC320,3.727815152,2.628319017,1413.854373,0.528835453,3593.671669,1205.939181,3717.560605,71.73063726,4.293494618,20.26784514,0.001254402,0.193114551,1.957066827,20.46747929,0.014163705,1.77530076,1.695731679,0.134479443,0.420526862,0.014159842
A188,4.456536089,2.15286731,1451.339244,0.741528745,3798.167864,1204.055063,5280.976947,55.76317958,9.084462149,19.47244185,0.001815124,0.226714436,4.567245698,29.76009175,0.013122399,1.585690124,0.78840522,0.147761219,0.330868102,0.014174486
B79,4.397186756,2.931762991,1537.271498,0.783528658,3646.715473,1251.473457,3989.291741,80.15128766,6.41609988,18.38596617,0.001265817,0.205727559,2.043446752,22.59207598,0.014478898,1.775524798,1.699615714,0.234745806,0.300020661,0.01436575
NC364,4.824039375,2.901722886,1189.562852,1.123861036,3959.063508,1265.640092,4910.442062,32.0145367,3.770101117,19.44847825,0.002046875,0.147911059,2.635258026,22.70182518,0.007622865,0.49453135,1.821461458,0.065281733,0.24333269,0.014408213
Oh7B,3.989505437,3.337625002,1451.994623,0.925866632,3859.844654,1200.846494,4139.298961,69.70557726,7.596679561,15.58813825,0.00120383,0.590734465,1.615537877,17.99931162,0.008260253,1.872373708,1.925494237,0.166161307,0.266183421,0.01456844
A654,4.090674143,2.499899674,1371.215201,0.851440867,4114.23699,1350.586389,5115.435594,56.95580486,7.464592323,19.52328197,0.002153951,0.26220742,2.681714358,39.19751136,0.011749595,2.053761018,1.706002123,0.071290074,0.209476347,0.014590426
CML92,3.831793094,2.864353726,1065.065475,0.676459096,3276.320655,1269.97994,4858.517006,73.39048152,4.765405356,20.25472391,0.001114678,0.229702017,1.124996556,21.56399671,0.014499661,1.022892798,1.357407428,0.204079798,0.190986168,0.014916218
Va35,4.968552808,1.998359794,1469.226172,0.741828298,3444.875498,1190.801849,3974.729386,68.06130474,5.678666983,16.34622752,0.001118559,0.149892521,2.459180198,26.45991544,0.013520371,1.512841943,2.458614789,0.196363021,0.359303953,0.014931976
Oh603,4.184595088,3.519564181,1388.212458,0.727124138,3073.525694,976.8314014,3165.081841,46.85673946,5.10128544,19.03931819,0.001109084,0.321617522,2.668971353,22.51611363,0.014167803,1.901112407,1.703111632,0.13084656,0.293255701,0.014972163
A635,4.350686452,2.333743561,1485.1036,0.803290669,3562.059196,1256.134272,4308.59703,42.73413981,7.989795641,13.9755615,0.001508235,0.292353365,1.671987298,19.8387427,0.013063898,1.23999832,1.17790302,0.093905678,0.194640528,0.015038076
CML108,3.754463583,2.155771469,1410.124136,0.59897202,3684.519165,1199.809147,4217.418628,58.27715209,4.312890631,21.50243748,0.000935949,0.134411361,1.467366027,23.42728687,0.012960426,1.37513579,2.191074584,0.177246514,0.115898775,0.01535243
CI31A,3.637782294,3.554318682,1374.826386,0.732879469,3604.568896,1156.989867,3614.958874,63.20900607,5.994327445,27.8054487,0.000999247,0.198602552,2.297933216,16.4110519,0.01261813,0.980664216,2.870107202,0.122810389,0.287282825,0.015398881
NC238,3.992663069,2.036889331,1251.484138,0.96632776,3213.398855,958.6382051,4609.905209,54.25393618,5.806974255,19.73772506,0.001218651,0.115907157,2.677757669,19.58341704,0.009496747,1.749133104,1.427283999,0.120533737,0.386501288,0.015570071
H105W,3.933226844,3.145718521,1357.445061,0.688605062,3718.922171,1277.666796,4141.191939,27.79492778,5.165880292,17.65171374,0.001030386,0.251706025,2.104182476,18.68610976,0.010696705,1.1644658,1.212246279,0.083726415,0.147935799,0.015658939
A680,4.523041644,3.947128654,1135.665017,0.855728035,2891.32936,1072.585842,3605.783372,43.2900565,3.849249932,16.7238187,0.001040069,0.23469021,1.43427435,17.49697856,0.014979052,1.250132371,1.842854142,0.134421002,0.243378727,0.01571969
A632,4.380392461,3.448980116,1449.21411,0.802872043,3672.690155,1263.770642,3837.747934,48.87992083,6.206690132,15.37757332,0.00092236,0.164795416,1.032301396,18.42790974,0.014749961,1.827228107,1.166154343,0.191042436,0.208033248,0.015874347
R229,3.89235877,2.612567257,1349.64692,1.007195544,3296.934642,1210.664988,4017.050409,35.79949285,5.65242273,24.51449298,0.000870618,0.266207947,1.134729353,26.45549813,0.011751157,1.114738735,1.936466348,0.089630444,0.199307054,0.015993478
M37W,3.905891538,2.677677975,1392.56597,0.778190849,3558.662985,1107.634454,4038.940027,72.81307629,3.836435998,23.20420571,0.000961887,0.125166212,1.239213933,18.62001341,0.013191632,1.639167648,2.881290965,0.160208903,0.173315645,0.015997125
CI66,3.626735504,2.397247823,1667.32193,0.932773969,3677.586159,1259.176514,4131.977031,30.36818098,7.302060906,25.89400635,0.001291545,0.253668665,1.441556537,21.18402507,0.009798272,1.403254469,2.148525498,0.065504981,0.23755805,0.016068108
CM174,4.655723607,3.728311115,1470.786489,0.747316808,4174.102459,1257.027567,3776.403586,31.9474236,7.12566182,19.75012023,0.001090352,0.21158609,1.399341798,21.01613285,0.014803586,1.35648793,1.630829668,0.08789322,0.202213467,0.016076335
Yu796,3.326819345,1.31342946,1217.119022,0.439183182,3473.910911,1031.853265,3144.95718,49.6710355,6.163136017,17.8354065,0.001188146,0.140322694,1.72461114,24.42666597,0.01451001,1.411294629,1.333677082,0.076523034,0.270189194,0.016176098
CML11,3.825945457,2.988252809,1231.69675,0.631822032,2734.163615,1014.011808,4391.365018,64.92095294,4.730006533,14.16054402,0.001037245,0.143300323,1.219695529,15.74882895,0.016034137,1.722554477,2.128060628,0.14588823,0.165550535,0.016218741
SD40,4.429949596,2.443383345,1270.746644,0.626114559,3050.56885,1033.70017,3489.030439,61.19196207,6.035130763,22.8190954,0.00132543,0.357173908,1.135065461,20.50815303,0.012927813,1.371479828,0.978519839,0.183642454,0.220887367,0.016444073
B46,3.876452153,3.331595409,1439.730877,0.542369985,3930.810807,1098.505135,3271.619815,62.1519774,5.501826263,20.41419813,0.001426863,0.36415056,2.02391692,21.96523132,0.015744558,2.333358707,2.049024716,0.129146065,0.356279315,0.016493599
B109,4.371786263,3.306795989,1163.084974,0.713117184,3177.435475,1378.768883,4475.610528,38.6049038,4.023432766,20.63929268,0.001138302,0.309419452,1.251992443,22.03538993,0.010124515,1.775106705,1.214760449,0.085901924,0.225506456,0.016753941
NC314,3.88043389,3.229443027,1020.403137,0.923672405,3462.236474,1092.293776,4441.525275,45.67468747,5.973513897,17.34962714,0.001656502,0.273151683,1.077655669,28.15622626,0.016825926,1.839427608,2.425630941,0.09348985,0.257487566,0.016970311
K64,4.211195309,3.00674424,1319.796416,0.710915642,3014.961832,1037.125062,3425.427735,33.34902092,5.862706188,14.91103442,0.000980099,0.362599,1.774544599,19.26510973,0.012558703,1.547984933,1.494856273,0.102144606,0.268660414,0.017046971
NC318,4.558226992,3.748056787,1586.001489,1.018099256,3881.800892,1242.03512,3787.466472,108.2018239,8.058454467,19.23606034,0.001546437,0.25156482,2.410360742,20.80625939,0.020529876,1.696272482,0.877821807,0.191749957,0.217662014,0.017107246
NC338,3.625673909,2.412748688,1071.175573,0.68356664,3145.871661,1098.861473,4281.21603,46.64283941,5.895700989,17.60418129,0.001317298,0.088046117,1.758827766,20.06971872,0.009419655,1.480138676,2.124547401,0.114715192,0.168145229,0.017160835
W64A,3.526868815,4.669677955,1360.544826,0.764246694,3343.703194,1143.699607,4360.220946,56.5405174,8.404303857,22.66547488,0.001125977,0.708194418,3.674548466,27.96043664,0.015181821,1.404146485,1.680608235,0.152217281,0.214991619,0.017167868
N6,3.720454857,2.638396084,1443.032187,0.67758432,2790.166428,969.7426949,3527.843772,54.70382932,9.368307793,19.56141252,0.000938374,0.102143927,2.213807091,21.99699741,0.016100193,1.35745383,1.172561483,0.112628809,0.156388088,0.017210456
Ki44,6.24757828,2.70136381,1357.354962,0.984630141,4182.105828,1303.392404,5802.250389,80.56378815,4.717689258,22.69689857,0.001805664,0.15939915,1.756043042,35.73490401,0.015019737,1.859325722,1.959405247,0.220593034,0.151099579,0.01722499
B73Htrhm,4.294427835,4.167541479,1137.284007,0.962762364,3051.970332,1153.309965,4322.04795,46.44385022,4.247995349,19.8537247,0.001161196,0.188277673,1.431688759,22.20980079,0.019952984,1.820825463,1.867677901,0.165647699,0.217006335,0.017319231
MS71,4.747826749,2.485730318,1305.265313,0.769666808,3525.925945,928.7905149,3588.599063,70.11681755,10.07928481,18.54807928,0.000994798,0.224077437,2.149227471,24.70890177,0.011032392,1.200067272,0.855124785,0.139812361,0.239166796,0.017359889
B73,4.17852216,2.869450311,1194.817942,0.861963301,3108.070285,1154.262796,4237.735658,47.06956546,4.805987579,20.77349173,0.00119378,0.203731656,1.544853806,23.66847622,0.013681401,1.489971331,1.457170745,0.13533963,0.230179455,0.017374751
Ci7Goodman-Buckler,4.456497255,3.129844309,1470.1966,0.736029161,3076.844201,1043.125118,3512.752209,50.3663239,9.129506436,19.88946711,0.001319824,0.444264161,1.818265058,22.65667519,0.014952168,1.81438141,1.679842284,0.145894303,0.200785427,0.017545011
NC294,3.773803019,3.560800486,1349.222734,0.75974784,3496.476253,1094.063902,4178.332397,68.3330593,5.069705398,15.18222637,0.001070701,0.169000088,1.8814405,24.00868884,0.011602631,1.867276816,1.289416487,0.139005338,0.158054201,0.017577978
SA24,4.051441128,2.628494043,1226.206524,0.598246712,3190.986066,1103.933782,3633.093248,87.06749019,6.26597391,20.88967377,0.001370456,0.168037549,1.910081306,28.10649264,0.015452016,3.03503962,1.0493178,0.184459807,0.478215571,0.017611289
Va99,3.905357845,2.863938321,1479.300339,0.916423515,3453.154252,1135.801906,3662.659616,93.0914366,5.644394616,13.80002496,0.001310258,0.088496022,2.740286013,19.34026522,0.011504199,1.906460231,1.851437715,0.168663148,0.423536444,0.017650615
A659,3.84842391,2.466070495,1299.533296,0.930584716,3090.085894,1156.266535,4641.936963,75.8143687,9.17196161,18.72969759,0.001625864,0.266667755,1.309441475,20.42721497,0.016190942,1.483885875,1.250285423,0.103893357,0.291289793,0.017690836
NC264,4.428025462,2.287702423,1368.660449,0.749484761,3601.300841,1129.389686,3744.416206,79.52942668,4.700912752,16.50592442,0.001746675,0.377857479,2.453992258,23.17750744,0.019339283,2.476696601,2.696846948,0.157386024,0.269422704,0.017699862
A679,4.809351957,2.611909518,1107.08494,0.703322014,3309.764492,1167.527698,4524.841785,70.34014609,4.63404633,17.65943107,0.001419886,0.180041334,1.670491203,19.45235289,0.012054468,1.661378049,0.898459441,0.140470567,0.443770243,0.017700232
R4,4.485358023,2.257826388,1201.169399,0.519417266,3030.39973,1071.41192,3559.082819,32.15471955,3.83727494,14.00048427,0.000818216,0.173985003,0.756744271,22.1006268,0.011254219,1.491458841,1.958950164,0.078632659,0.147286318,0.017706114
Tx601,3.554573456,2.215144341,1182.698952,0.908187821,3076.076835,1069.321485,4786.720043,52.56321803,3.027017993,20.5355361,0.001186647,0.103918585,0.895890186,20.42768077,0.017764606,1.520916631,2.434064153,0.107038204,0.190047678,0.017749606
CI21E,3.625014705,2.86273572,1412.142888,0.698738328,2855.180332,1123.451691,3067.177671,49.38045044,5.555484175,19.81212115,0.001421562,0.232918826,2.418050959,25.53861564,0.013236656,1.31989986,1.221923989,0.145273965,0.22314286,0.017872311
Tx303,4.785883512,3.766040226,1233.312426,0.809099394,3150.528977,1130.818212,4396.295359,80.36462361,5.55265127,13.11228525,0.003146991,0.292812244,3.399394802,28.28667876,0.014488087,1.751329639,2.558935435,0.167918737,0.279037766,0.017933575
B57,4.573470638,3.653071277,1621.692464,0.729776555,3286.690006,1187.531363,4639.500493,69.03753948,7.666458833,22.28058275,0.001182568,0.315831839,2.399879066,20.61141234,0.015284949,1.386189227,1.69681561,0.245975413,0.475648412,0.018038325
IA2132Goodman-Buckler,4.04200926,2.676501762,1297.330556,0.991076056,3916.110749,1369.828298,4626.620535,88.53602,6.019446487,26.63020425,0.002121411,0.199674935,3.162052322,27.5214352,0.019759997,2.747736158,4.203060583,0.227008243,0.465682374,0.018255316
MS1334,4.814003189,3.187088634,1635.36105,0.52198645,3798.234757,1337.326158,3739.259164,37.94543783,6.671823514,27.47679146,0.001686657,0.13413212,2.963064687,29.99872221,0.015272786,1.856192399,1.937728391,0.090106284,0.360738662,0.01825582
Mp339,4.309855232,3.311207418,1751.227278,0.923291728,3665.60282,1236.414884,4632.702896,83.49367265,5.82469302,19.74649302,0.001234867,0.228434524,1.889948704,17.34189197,0.017168634,1.33009626,1.839193976,0.287376155,0.17689303,0.018334505
I137TN,4.520675415,2.410809335,1312.069777,0.585133219,3931.048777,1272.615065,3883.40164,71.95836746,8.96295393,20.89932876,0.001119614,0.203025714,1.546264323,27.40329255,0.012689807,1.477023395,1.515707327,0.140873432,0.222887205,0.018428605
ND246,3.742463281,3.62610495,1651.001612,1.026175543,4725.070489,1592.925428,4637.274394,70.77781364,12.07775916,28.46741134,0.002539532,0.120899803,2.624322263,29.36143079,0.015286984,2.200402691,0.775351516,0.166269072,0.614732114,0.01843439
CML332,5.116317648,3.458537505,1384.248087,1.070636527,3936.800988,1094.763148,4755.795205,86.85346917,6.70193196,26.04306132,0.001442079,0.250433467,1.865773581,28.74488439,0.015676149,1.594909293,1.701229022,0.240896341,0.344824811,0.018441308
WD,4.244750177,2.937407011,1561.609172,0.612314006,4041.395164,1155.011747,4078.737041,47.93202628,6.269694005,20.58307077,0.001589585,0.491135194,3.940570351,28.51121726,0.017093582,1.349709133,1.789423388,0.096185794,0.163287478,0.018454188
Ci91BGoodman-Buckler,3.337320214,2.283409762,1291.757364,1.114958653,3854.339725,1156.316744,4605.87902,57.80082802,5.339426383,19.38025593,0.002524893,0.26677004,2.86328126,21.00810765,0.015049741,1.805981412,2.886472754,0.093214894,0.328331925,0.018608102
Va17,4.45028013,3.736586097,1508.511571,0.752813595,3940.761976,1287.577527,4210.238228,54.41292154,7.838244289,27.04700314,0.001101852,0.209262694,1.893779925,27.30544562,0.01398659,1.224513145,0.99537851,0.166690253,0.316286302,0.018667489
SD44,3.991442507,2.230476835,1353.711245,0.78510727,3469.070355,1039.761841,3227.469281,42.10713599,6.836370406,19.66298761,0.001070378,0.1866586,0.679876749,21.12412988,0.013642986,1.474730652,1.036447954,0.082347925,0.224732412,0.018798724
NC230,4.543197804,3.188395241,1344.787966,0.853359009,3093.648609,1127.69615,3840.001118,55.8067812,4.531351253,24.8923891,0.001491213,0.496854456,1.753863441,21.45856312,0.018150529,1.472849854,1.938343784,0.155709792,0.206914203,0.018811099
A214NGoodman-Buckler,5.009895817,2.590869383,1342.934725,0.610129147,3603.004833,1261.84907,4818.680491,42.85031995,6.142156542,17.03877773,0.000984313,0.11843464,2.303006441,21.84658871,0.015253639,1.487617126,2.573090936,0.088276791,0.178238574,0.018926388
B164,4.627762387,3.419906507,1243.323113,1.093032168,3146.919849,995.4419825,3419.027507,59.09316272,6.924911865,18.33040385,0.001255083,0.245634363,1.256847419,21.50715086,0.016023757,1.261511224,1.438819649,0.133675879,0.383896355,0.018931008
CML103,4.002880939,2.864058735,1389.318386,0.748298426,3663.662463,1203.624218,4193.125184,68.23685946,6.874281952,23.9107136,0.001149825,0.208300646,2.04553942,31.85578569,0.013070649,1.675824458,1.681702351,0.133418028,0.10163312,0.01933359
NC340,3.681857476,1.987142342,1024.044175,0.682979589,3276.388358,1204.259427,3742.814456,103.9956647,4.072153961,19.2980892,0.001760532,0.100394125,1.553476959,21.7194823,0.014376418,3.354683941,2.340564792,0.156886328,0.169302215,0.019350164
NC302,3.709672655,1.98080627,974.5983252,0.546150586,2764.289347,980.5910873,3351.012372,50.95809504,4.9943259,17.19878068,0.000829903,0.051584301,1.405119191,15.81443072,0.0109919,1.90754337,0.866983491,0.0895387,0.144512477,0.019517127
Mo44,4.341728699,2.659205539,1351.731385,0.638248034,3218.654294,1161.627742,4229.043362,59.16867506,6.508157812,23.38003756,0.00141266,0.267301378,1.945979544,25.43946605,0.013813591,1.443353593,2.497320454,0.149842625,0.320381796,0.019742093
A641,4.158428088,2.345737365,1461.191327,0.871150925,3658.90811,1082.527856,3957.374809,41.76439043,6.04882792,21.05347857,0.001493499,0.191848068,1.940395723,20.80452297,0.016646436,1.78744149,1.603914071,0.086689174,0.262548282,0.019750563
KY226,4.286441188,3.175388805,1738.917185,0.677190048,3895.513184,1141.55094,3129.632457,45.90958331,7.369800639,21.56310974,0.001212541,0.071525209,1.245249425,20.02374549,0.011718925,1.757952082,1.537904697,0.105269006,0.299304361,0.019770241
33-16,4.231869967,2.682918576,1322.63956,0.786456669,3098.837524,1126.094126,4284.322308,87.84589187,5.439784025,21.68556369,0.001817969,0.578149565,3.091651032,22.86500415,0.015016207,1.24907871,2.108013675,0.199257394,0.268471952,0.019780874
T8,4.369346433,1.458086378,1610.510848,0.638138236,3664.566062,1135.011536,3535.35876,47.68299801,5.752423801,19.53266712,0.001461977,0.197733207,2.61256877,28.79493809,0.013821825,1.946025403,1.544394114,0.138808498,0.286148062,0.019795854
CML331,3.745435395,1.335613953,1532.599949,0.59210409,2621.373593,1262.929514,3941.599635,36.75485197,5.273882502,15.82150467,0.001097817,0.220018313,1.335687982,19.10802898,0.013378352,3.235711009,2.319169526,0.029165077,0.244281083,0.019809806
Mo1W,4.191418346,3.495653527,1206.119114,0.817202005,3123.557684,1288.802705,4169.470792,41.15491754,4.497374893,23.64839961,0.001514348,0.54013893,1.450121442,23.88824113,0.018010868,1.71924946,1.33520095,0.141958753,0.246122987,0.01991929
NC352,3.839874389,2.321334108,1155.582819,0.632302281,3075.284259,1307.483021,5514.017853,60.42913615,4.344220548,16.97002305,0.001030021,0.055808543,1.095586655,20.50493588,0.012940975,1.412688568,1.706835045,0.097027007,0.152435818,0.019976492
NC336,3.954688705,3.281490134,1130.065455,0.829321153,2979.014235,1192.920695,4178.510369,64.32366104,5.770172581,16.73328675,0.001131995,0.07862097,1.090097816,16.94204686,0.014493429,1.244184047,2.202488848,0.164010556,0.206108693,0.020032865
CMV3,4.371356189,3.316749255,1495.914362,0.728405889,3954.83898,1186.381316,4596.877005,55.06356876,5.418494328,24.97463984,0.001516237,0.224559431,1.77074604,23.07902521,0.01880753,1.958845372,1.320043789,0.126150203,0.274165218,0.02004146
A634,4.601104997,2.118424747,1529.921632,0.49385065,3693.867198,1272.779507,3860.137488,54.8473062,6.982587891,20.23703222,0.00072672,0.259021328,1.904203771,22.29420443,0.010986811,1.668801763,1.586406613,0.110914271,0.283992725,0.020065168
M14,4.669700202,4.22352856,1400.23049,1.071913118,3731.046149,1264.180781,3414.83407,113.5845028,6.015197648,17.74903746,0.001295169,0.24121263,2.038981991,22.67054316,0.01776241,1.937395894,1.177895152,0.276868292,0.284752027,0.020193958
T234,4.389514703,3.378313761,1518.437149,0.818642139,3420.189834,1284.014314,4159.754331,88.87658725,5.974131169,17.82479384,0.001244079,0.172479912,1.486161687,24.64576898,0.017557716,1.327067284,1.326772805,0.204164955,0.298607152,0.020201299
NC222,4.191788694,2.177848168,1246.12416,0.928904886,4095.179823,1383.241139,4531.690467,104.2585545,4.823607327,28.53252326,0.001628209,0.355819226,2.728466211,28.78231795,0.015463638,1.593598645,2.144531066,0.290573695,0.30299926,0.020397421
NC348,3.691339033,2.14263847,1137.353798,0.615061271,3564.1313,1337.847212,4270.012519,44.23641207,7.385699654,23.36899355,0.001629734,0.423342391,0.880326793,28.01634129,0.0137139,1.267539837,1.026769043,0.093470316,0.211350712,0.020475775
Pa762,4.497325466,4.76273809,1514.574467,0.876367864,3111.903404,1228.123501,3882.169793,111.9509731,7.767638204,18.01575897,0.00171402,0.531120305,4.123625907,24.99986952,0.019887628,1.763005899,1.8207633,0.256774021,0.340438279,0.02093922
NC310,4.47172504,2.467270382,1311.901787,0.921053475,3717.823745,1124.377088,4147.107686,76.36617582,8.094277807,21.45577732,0.00124963,0.171115378,2.031187933,25.44118674,0.014740755,2.140818375,1.825101084,0.183750101,0.170067754,0.021406521
DE1,4.229893426,2.404767552,1157.597281,0.552547827,3196.691375,1050.540905,4020.53086,46.37015933,4.908466694,17.70850425,0.001896702,0.301579688,0.918916186,18.65953098,0.014564033,1.368822728,0.871210595,0.141768667,0.240572536,0.021499432
CML238,4.398069761,2.334159139,1519.318511,0.583759324,3812.2755,1369.888032,5213.943941,97.67484485,7.955913443,19.98091592,0.001817473,0.227324273,1.182906984,22.41015943,0.0136835,1.462722003,1.953866537,0.133182469,0.176725313,0.021529493
CML157Q,4.22483096,4.285157927,1378.252629,0.815051766,3284.084684,1069.217381,3574.163444,87.76184654,6.730694099,16.26071042,0.001043456,0.108358589,1.180727372,23.77331955,0.015031451,1.281282494,1.128696792,0.232269566,0.065121803,0.021547979
H95,3.473179005,3.609046253,1318.493021,0.920532869,3023.48441,1046.15621,3507.474122,82.9447551,6.547076804,19.9550491,0.001363654,0.189223823,1.550186881,22.52587052,0.010770857,1.024835016,1.72641798,0.209898636,0.347955592,0.021598777
DE-2,4.677726901,2.428617022,1032.042908,0.665280202,3119.923538,954.2540424,4663.391068,68.79754707,4.21933793,18.18801248,0.002385745,0.184998117,1.543677536,18.80777019,0.010203084,1.607628622,1.356711673,0.158625412,0.183819081,0.021819055
NC346,3.963641321,2.499251725,1108.79284,0.625254252,2780.840911,1157.450292,4090.753347,71.98613508,5.625910238,19.21736022,0.001555643,0.059914127,0.84731654,23.1291141,0.013636531,1.680911242,1.51580843,0.148119012,0.169285458,0.021826035
B68,4.980249779,4.25133472,1350.468212,1.169902755,3729.032053,1355.941199,4585.722079,49.50853356,6.338349474,15.12327212,0.001127747,0.19637483,2.136685491,20.35812302,0.016852649,1.990624929,2.106105367,0.17365276,0.305572001,0.021950105
CML322,3.885914476,3.206565364,1279.347027,1.055212246,3753.967543,1029.887773,3688.793459,81.12902932,5.674357061,24.03326411,0.001143798,0.301863946,3.333554826,26.90929225,0.012146753,1.89776176,2.184400892,0.159738225,0.421034758,0.022060252
B10,3.568363579,2.048833596,1416.648672,0.620481283,3465.565383,1355.651059,4554.907539,71.27495765,6.768441979,15.54080497,0.000879455,0.415113793,3.080856357,20.63825903,0.014059203,1.424345435,1.918722907,0.160108029,0.080711758,0.022093319
Ki3,3.910681146,2.441899061,1441.97603,0.896317608,3325.274599,1009.481384,4173.458698,78.11465886,7.155343736,17.68755628,0.0017443,0.118938313,2.953541983,29.23692444,0.016920586,1.606730458,1.470015102,0.122889093,0.173485617,0.022404868
CI187-2,3.999333067,3.193306199,1587.774028,0.89864259,3026.056262,1001.728043,3722.498483,40.66288439,6.193081548,24.06636171,0.001257444,0.230226879,2.6942897,27.40905341,0.010268469,1.775471655,1.943715717,0.091510953,0.300089978,0.022426812
CO106,4.122811696,2.941078306,1452.811894,0.775961345,3542.259025,1370.196862,3521.234622,68.2173857,5.379105602,18.487412,0.001612079,0.097138748,2.737960994,28.71836766,0.02062436,1.549099721,1.056328733,0.187366401,0.384456121,0.022625002
R177,3.804274527,3.15103223,1361.348005,0.544773653,4136.185261,1250.219426,4651.493854,63.73552013,7.748228512,24.65688665,0.001100965,0.418646184,3.509450685,27.69674177,0.012598309,1.442036511,2.037144706,0.110778012,0.34082611,0.022655325
E2558W,4.165443501,2.533266465,1184.564667,0.769912052,2931.974236,975.5954897,3688.899764,43.35850771,3.528211669,21.99516735,0.001344312,0.113432015,1.154948293,18.16974445,0.016920577,1.504190213,1.427158766,0.094370539,0.176749259,0.022726028
IDS69,4.411543081,2.518887907,1534.068079,1.257890875,3991.05362,1009.828627,2872.778474,74.73919631,10.42751538,22.15503508,0.002523495,0.181240176,1.059747313,29.91919011,0.022678971,2.18386463,1.470995556,0.115262161,0.30152742,0.022756038
L578,4.555902018,3.226838241,1534.565128,0.944494658,4070.949099,1197.074888,3768.855171,42.88551731,8.494025353,21.28543843,0.001156104,0.078480843,2.619061652,19.32680957,0.014020139,1.063343823,1.505879951,0.12341492,0.155424781,0.022786288
SC55,4.471986418,1.922251628,1366.588589,0.74119902,3346.443137,1176.023033,4193.172357,54.25624501,5.885604637,18.66443354,0.000987899,0.217486629,1.176622544,24.32827266,0.015141421,1.465828888,2.59290702,0.101671813,0.294105534,0.022849597
NC298,4.252710651,2.636238711,1169.239173,0.624147782,3353.300596,1304.909872,4085.761213,56.18633582,6.933889352,20.43299962,0.001151094,0.093495022,1.329677285,23.14503745,0.012773072,1.766249817,1.759438319,0.163517813,0.213689798,0.022934022
Mo47,5.063903246,1.608251612,1506.075139,0.719992207,3439.249115,1299.510754,4093.121844,51.73340632,4.24726551,18.17854996,0.001678351,0.37179567,2.348416531,20.77659278,0.019197736,3.050830558,1.621117119,0.124982251,0.154501942,0.023201885
A554,4.906424661,3.967229249,1493.693624,0.783963982,4051.047343,1287.064346,4561.731015,53.92193554,5.882228785,32.97568778,0.00217988,0.213683904,2.576440249,30.36343263,0.017337873,2.024949552,0.93714307,0.125588794,0.478688524,0.023237791
CML333,4.299803788,2.948242207,1466.557024,0.834283036,3661.798539,1214.092549,4561.462096,69.86519214,5.314041837,29.54900882,0.001292965,0.411347443,3.185769433,34.90170245,0.015064961,1.366476878,3.156528748,0.247598324,0.269130114,0.023248562
CI64,4.103318091,1.523996031,1312.276626,0.728220518,3301.071515,1106.84798,3262.862481,39.87803513,5.668014076,13.58597833,0.001059518,0.240152185,1.028529218,18.13503448,0.014319702,1.6339696,1.639889146,0.099910756,0.377130612,0.023346962
CML218,4.264187893,3.701509325,1495.388812,0.609330198,3259.413416,1235.664199,3419.233592,95.5056018,8.956628331,26.73571658,0.001350033,0.185603973,0.859464759,21.7800906,0.015462808,1.517632104,1.678799902,0.186143395,0.253265812,0.023397989
W22,4.58278924,3.016116465,1336.127326,0.744137232,3104.878001,1080.388401,3642.735964,39.78941633,5.610559547,22.18161563,0.00167452,0.514130557,2.797707397,23.04307195,0.015888201,2.004354189,0.938470004,0.095634279,0.293561538,0.023598141
F2834T,4.111471365,3.174812806,1309.065187,0.795981833,3327.001279,1031.634732,4528.9207,71.12239615,6.26571819,11.62111443,0.001348829,0.197798352,1.279098932,20.55899175,0.012607514,1.177850912,2.287527728,0.157102216,0.311838341,0.023670778
CM7,4.148509682,2.470747431,1484.684685,0.675381427,3871.447461,1225.978505,4604.456421,36.62594627,5.584781183,21.55039536,0.001402996,0.290497478,2.363388782,25.3799972,0.015944568,1.541430507,1.60247179,0.092086275,0.42740067,0.023680688
NC300,3.430139495,2.475183849,1344.648837,0.587763439,2966.863533,1151.398122,4264.497598,96.40532581,3.396982859,23.89849338,0.001180327,0.323391433,1.316322617,25.56514861,0.012950315,1.965393479,2.733116316,0.181801349,0.055784374,0.023719423
Os420,4.796809221,3.369113928,1583.796701,0.729722219,3874.719229,1118.928812,4075.807788,71.40541655,8.822601611,25.00073608,0.001155879,0.371148736,1.881783425,28.53256536,0.01407222,1.227830936,1.275954882,0.170976521,0.434494728,0.023781096
Il101,4.550577109,3.688054968,1686.204345,0.852236457,4355.875871,1539.317967,6487.174774,70.45869871,6.91170611,35.83492917,0.001491385,0.318908999,2.964544718,37.95451317,0.021848782,2.135875052,2.524923178,0.219467291,0.392280107,0.023893394
H49,4.617548961,3.496180794,1280.539559,0.532387511,3620.138244,1364.605429,4220.674374,69.93054806,7.744285228,19.26625681,0.000911875,0.261306367,2.151044727,22.94567206,0.011503593,1.9440698,1.544656177,0.12418095,0.160573421,0.024105528
CH701-30,4.92909113,2.103932079,1792.062792,0.668119812,4102.010458,1185.928603,4012.535239,66.28338216,9.518394506,26.47544253,0.001293999,0.51307124,1.388226411,31.85714974,0.012566119,1.131641961,1.134383421,0.131812531,0.408083655,0.024166467
Va85,4.029853498,3.218314188,1303.33411,0.638463845,3316.644293,1133.368069,3785.873928,61.47126698,5.307595748,24.50289558,0.001329305,0.197587263,1.534212365,25.28501877,0.012677178,1.420551966,1.400708742,0.162604012,0.412642527,0.024182209
CML91,3.963235403,2.406397014,1466.448305,0.667277939,3349.167092,1205.140385,3904.973565,56.67915924,7.497101122,19.04874282,0.001420511,0.150965209,1.270927381,24.50017839,0.013320462,1.04298907,1.597056128,0.132513998,0.088598572,0.024857664
NC306,4.057794034,3.136593644,1382.281247,0.705521905,3625.58862,1227.313681,5094.262521,64.20468299,4.682112967,22.66022753,0.00123729,0.293649054,1.656638655,21.61016851,0.01527729,1.525460202,1.957645512,0.147104014,0.301815637,0.024862431
Tzi25,4.61629625,5.543751942,1603.580556,1.55124666,3721.803475,1213.331122,4267.411659,77.64860755,8.944803041,23.39599139,0.002403637,0.479935384,2.563828365,25.36709348,0.024454992,2.07013122,1.851670933,0.245370001,0.391708787,0.0250132
CML247,4.339088903,2.164231572,1351.310932,0.905580245,3534.956115,1087.918661,5029.792891,101.818875,5.938663128,15.00400574,0.001810776,0.467803512,1.988721785,27.99352583,0.020423687,1.758327079,3.83244077,0.159132937,0.19569032,0.025268846
B64,4.311478551,2.791615121,1361.622005,0.942277292,3780.060293,1359.613453,4614.662371,51.00462985,5.159774398,18.16813225,0.001067789,0.317317911,2.649440602,23.64603881,0.013006826,1.717087131,1.92677128,0.161480105,0.250798516,0.025310063
Ki2021,4.662168645,3.808496311,1731.067673,0.853067912,4422.889784,1391.117044,6423.441921,85.05902762,5.880432768,25.9386818,0.001309262,0.118447585,1.488283188,34.599068,0.010079345,1.754798692,2.528627685,0.112780885,0.3065197,0.025323372
i1677a,5.210516935,2.835139987,1363.901012,1.306606708,4006.270548,1245.422826,6395.142345,142.3663818,8.387024804,24.62332008,0.001887513,0.215441757,3.616592361,20.20632946,0.021059046,1.837789155,1.502940325,0.258536701,0.380359835,0.025366941
W182B,3.867506263,2.783740871,1405.47966,0.842332158,3594.251326,1105.350615,4092.249723,54.57920166,6.8073576,24.42342589,0.002020844,0.458983818,3.683641702,29.53641815,0.015334849,1.093697878,0.747704273,0.100962735,0.207334946,0.025758588
Va14,3.823702576,3.107115804,1661.830086,1.153172027,3854.863513,1247.263453,4097.499197,81.36884795,8.326634969,27.17919347,0.001836337,0.184202784,1.171652352,26.8263937,0.012488647,1.014791546,1.028688854,0.189529108,0.252544938,0.025778428
NC356,3.539076191,2.213026059,1227.475072,0.647223363,3215.580416,1136.604801,3845.358459,32.5108273,6.048698018,17.87196981,0.001340256,0.403434763,1.645293781,24.23855373,0.012944191,2.055895584,1.391254533,0.064755208,0.124597452,0.025904245
M162W,4.002655929,2.078022089,1550.358776,0.636051623,4312.140316,1350.110628,4104.36204,47.38124085,7.181101631,32.65107523,0.001500925,0.36132114,3.250259004,30.06344807,0.010914904,1.579532678,0.583317408,0.08814064,0.371083945,0.026008844
B52,4.572703066,3.457371412,1488.443319,0.561594756,3118.685655,1260.348793,4008.019825,35.08404986,5.109636129,21.1826909,0.001128958,0.520173659,1.736478707,33.92406475,0.013051884,1.680345659,1.198896091,0.084561532,0.286463564,0.026164297
CML311,4.97776378,3.535427367,1520.856438,0.622436171,3951.706363,1264.817819,4874.766989,141.0791419,6.156529199,19.01349153,0.001777991,0.366220554,2.877173834,26.13684471,0.020412347,2.005648271,2.493456912,0.231174361,0.109614159,0.026187437
R168,6.293881346,4.309229532,1466.831638,1.043283963,4279.807735,1116.069156,4357.564808,85.5157181,6.277252994,28.98395771,0.002017576,0.669047359,3.371364893,35.47468477,0.02527574,1.633684711,1.34941563,0.283214348,0.32570707,0.026252734
W117Ht,3.087692399,1.63564547,1240.389332,0.530786458,3001.661455,870.0493044,2905.773857,35.42791406,6.550051337,27.13947983,0.001653212,0.376641875,2.431163104,28.01323445,0.013443406,1.375092198,0.63368499,0.065786682,0.14379906,0.026319673
F44,4.40866647,4.21619442,1435.78183,1.040583033,3892.380179,1196.220461,3855.15296,72.62330768,7.629659937,20.90858273,0.001189506,0.146377882,2.462487349,28.43230967,0.019117296,2.140500507,1.635229251,0.204593739,0.21829697,0.026566082
Oh43E,3.810191075,1.858469589,1614.191691,0.606396744,2858.193675,1160.748988,3694.728124,79.70152597,8.074297926,20.12238266,0.001404986,0.386761203,1.182090773,16.7530404,0.014652251,1.578757151,1.047376743,0.153563715,0.361638124,0.026578422
B84,4.740871116,2.43224714,1199.635377,0.882325939,2911.846337,1207.046999,4280.356577,48.94374542,6.660600414,20.23101367,0.001320412,0.255044262,0.751585163,23.99252384,0.015837005,1.169610205,1.445925709,0.082291743,0.268914352,0.026701623
Pa875,4.917423608,3.321007123,1364.964686,0.845144441,3425.137074,1309.96539,4193.450987,48.90819387,6.463795018,25.32055013,0.001373334,0.175930156,0.93350273,26.27517348,0.014087787,1.951946646,1.46961619,0.13389155,0.309324906,0.026774427
H99,3.923998612,1.235869892,1403.836598,0.963703222,3705.438543,1230.892984,3707.766875,49.09001236,5.69676313,22.1822139,0.001990979,0.140703834,2.819386884,22.05145105,0.020150179,1.67997384,1.100723101,0.098773427,0.348092401,0.026818493
A239,4.000051194,3.188782833,1306.205792,0.721471952,3377.678096,1037.352439,3478.358941,55.3849121,6.918606126,22.01835464,0.002227278,0.124510677,2.012272467,26.0038225,0.012851356,2.862828385,1.565626901,0.118003567,0.420470216,0.02693052
CO125,3.641489141,3.213874727,1571.262474,1.178405778,4618.047347,1225.771809,4276.45414,72.28586662,5.410762113,22.46664831,0.00160259,0.153128049,3.174913611,23.55146066,0.018420839,1.811091348,0.655757861,0.147926565,0.386084787,0.02694258
Mo46,3.664003518,1.913761816,1475.540091,0.835236688,3467.757987,1148.798784,3132.381842,51.48286457,6.308427973,19.86693487,0.001685352,0.383963948,2.144876995,20.98262688,0.014928315,1.206621328,0.84552223,0.148657289,0.203021444,0.027030828
Tzi8,4.423292907,3.035675428,1502.986002,0.633239715,3626.241449,1075.906667,4192.887955,62.58242068,5.623951135,17.39071317,0.00124486,0.221476959,1.954033978,30.72705906,0.017427624,1.425433642,1.655460368,0.152772817,0.231136823,0.02707935
Ki14,3.637067607,2.638397758,1280.38388,0.623083065,2988.47557,1043.471343,4702.665912,71.17096212,5.575308886,15.57076492,0.000877968,0.135079276,0.992602792,19.00901537,0.012764541,1.147016934,1.983693362,0.187490083,0.197867511,0.027248978
IDS28,5.18276666,6.168078644,1437.393289,1.481327969,4324.971698,1289.460126,3992.728665,65.97057781,7.772342596,25.77823377,0.002635775,0.236444471,4.50831227,38.61488884,0.019080851,2.239110828,1.868221203,0.173785281,0.323583419,0.027360692
Wf9,4.256849321,1.829472238,1271.708499,0.551155511,3296.099317,1255.520497,4270.108219,34.36589443,6.228594851,24.35790273,0.001523284,0.51385025,1.683849182,22.8148119,0.016424381,1.641164584,1.942747597,0.058782295,0.150546263,0.02794549
IDS91,5.203209078,3.721453066,1642.591555,1.38176584,3929.911082,1081.57713,3569.361867,69.1530986,11.52985623,21.19580155,0.001963705,0.218395028,1.975212193,31.63584031,0.011708454,1.999474486,2.031699525,0.167805949,0.275043684,0.028031827
DE811,4.410356108,3.222181113,1412.932984,0.812173038,3821.270567,1126.709192,3901.198246,46.65506466,4.804982019,15.67963485,0.00129877,0.372288783,1.406397713,20.1489868,0.014765456,1.796474312,1.276483832,0.106698074,0.190730736,0.028033508
A619,4.450514775,2.795763325,1375.007101,0.590455094,2824.978805,1096.410486,3767.76615,57.30022043,6.570415541,26.00962331,0.001923585,0.243010766,2.116523827,27.97568765,0.014162168,1.173049769,1.320177798,0.13331817,0.267258344,0.028452529
CM105,4.340921279,2.241632591,1454.708311,0.715152607,3614.954999,1196.98514,3728.074224,36.6658817,6.021546581,19.59187208,0.001346042,0.469966753,1.797053445,19.64046265,0.017747328,1.197416166,0.683367107,0.070108935,0.385245404,0.028504433
CML323,3.986852889,3.428081014,1491.284271,0.680377988,3774.488197,1311.053392,4207.627632,72.44731265,6.603443136,26.03374165,0.001975558,0.347280122,0.825016045,23.94327573,0.014442599,2.107473202,2.023625377,0.139568297,0.13025944,0.028882095
4226,4.564449593,3.388260299,1504.537921,0.863386652,3997.635275,1527.775585,4750.557426,82.68050294,9.338164505,20.54070818,0.002064442,0.340907296,4.338144376,29.24293472,0.020999362,1.832327561,1.419975326,0.211579813,0.327536047,0.029414129
Tzi9,4.154521875,2.508332256,1489.976077,1.345598308,3612.670445,1149.521758,3687.952962,59.13345561,5.159081899,15.19499305,0.001642544,0.16738172,1.784381147,25.61677257,0.01677131,1.689977517,0.650494114,0.140947375,0.360977927,0.029428207
CI28AGoodman-Buckler,3.158970497,1.8030322,1388.007062,0.563523022,3285.116459,888.5046797,3128.880582,32.19950349,7.375578332,27.16427839,0.00088609,0.055377321,1.860900845,21.84527639,0.011397368,1.496651848,1.12413038,0.070752231,0.191872709,0.030062175
Ci90CGoodman-Buckler,3.790842834,2.781049202,1272.682384,1.037825229,3210.045177,1182.119827,3700.629967,66.7013438,6.225572111,19.12159172,0.00187152,0.170888169,1.897079977,23.32375724,0.023720459,1.871528065,1.054203249,0.137157747,0.437202685,0.030348163
CML52,3.656483701,2.207157323,1356.909965,1.012900885,2897.214764,923.8486761,3253.898047,46.54538405,5.679334037,19.70014414,0.001311811,0.319883312,1.14006101,17.25212941,0.01609853,2.559407607,2.690554037,0.125544504,0.179023392,0.030542812
VA102,4.187592489,2.511965135,1678.126421,0.861932314,3437.78111,1196.097821,3344.256493,57.56624363,5.163288302,22.20850814,0.001604412,0.517412752,3.002515674,21.58606996,0.015682795,1.860223192,1.404070721,0.109794655,0.329521644,0.031163606
Ki43,4.073774086,3.169526619,1698.931983,0.896460456,3660.773805,1323.287492,4904.045306,111.8262456,8.806475308,19.30375975,0.00117907,0.123513334,2.220207475,21.09268268,0.018673244,1.12449817,2.699478862,0.202344345,0.17042369,0.031305279
CI3A,3.84926894,6.534338068,1238.567571,1.273522619,3689.648317,1385.335658,4596.619071,107.4054246,4.320845557,23.68651859,0.001678262,0.203823985,2.356599968,23.82043705,0.023998684,2.004282169,2.919516421,0.278914562,0.505851692,0.031608254
C49A,4.485833121,4.889659521,1682.436676,0.648470834,3707.783579,1391.368111,4484.730553,55.90675467,6.970762237,30.28334203,0.001923272,0.597290182,2.906885508,29.51907723,0.016648793,1.55911857,1.232570535,0.150380752,0.419901096,0.031821048
K148,4.321623371,3.257721358,1469.745979,0.92561944,3723.103996,1192.829471,3158.724849,69.58137326,7.593050578,19.2376391,0.001316079,0.407068587,1.460739949,27.01950308,0.018384765,1.277744318,0.804818602,0.17300461,0.204232996,0.031926553
CML314,3.863684339,2.752646935,1295.017887,0.773320794,3300.148748,1124.701971,3536.543997,51.62947654,6.263661446,20.13629843,0.001121428,0.074037995,2.098710428,25.53855793,0.012415928,1.141909423,1.384741446,0.139046976,0.191231512,0.032219122
Oh43,4.636550428,4.175194509,1350.851966,0.784165368,2774.917633,1088.625975,3684.681471,45.66872261,5.825774826,19.38633061,0.001441741,0.31776956,1.888217727,22.62367505,0.013189503,1.626201922,1.973356109,0.124988843,0.359118671,0.032234764
KY228,4.123628825,3.155487679,1602.408917,0.846388862,4189.211948,1278.321553,4348.231895,64.50209928,6.706406408,22.32752964,0.001598423,0.118844847,2.248323852,22.0121829,0.01599037,1.925584068,1.810083371,0.125907792,0.140579135,0.032935406
Pa880,4.142254016,5.051332322,1590.324502,0.918370397,3961.905673,1185.941333,4107.225783,55.80064547,8.295079189,28.20395101,0.002343029,0.427640241,1.244210116,26.7083004,0.016803584,1.508830238,1.272747469,0.16367874,0.356113385,0.033100529
Pa91,3.66534127,1.336528745,1746.950939,0.494924243,3784.123962,1443.28718,3892.799345,118.5393311,9.299143855,22.32953851,0.001831338,0.256173505,2.487943779,31.27529268,0.014228936,1.792590229,2.741296865,0.201362752,0.293995302,0.033598234
Ia5125,5.730019767,6.931698338,1349.349934,1.318376109,3913.808204,1258.256277,6094.084931,112.044792,7.490627371,21.8421509,0.001613479,0.583354973,3.888234413,25.42518197,0.028005968,1.734171557,1.166836678,0.357798247,0.220396088,0.033745423
F7,4.287091798,3.587811367,1517.540223,0.782444147,3754.725503,1255.905954,4656.220957,77.58998755,12.02770756,32.09589644,0.002865806,0.129808209,3.316614764,33.57099805,0.022047183,2.504527432,0.893188667,0.187666172,0.549579395,0.033838497
B14A,3.835852039,2.841096998,1377.052665,0.842434896,3709.330117,1396.797113,4127.761817,41.863668,6.49793487,18.36445728,0.001460795,0.261109229,1.646361858,18.26102382,0.020551663,1.716524655,1.260092226,0.075848999,0.147670768,0.035164308
Va59,4.855857779,3.885050188,1436.11415,0.55908958,3610.606081,1050.680585,3941.157532,55.11091855,4.986345553,25.66518906,0.001613287,0.264094456,3.184143215,25.83166247,0.019462665,2.237273136,1.879867179,0.11024463,0.328748614,0.036956387
NC358,4.104314372,3.29012878,1356.696599,0.888016021,3447.654474,1079.574937,3818.745185,64.3780771,10.66254956,18.0044903,0.001105433,0.125926231,2.789204495,18.23222151,0.01749644,1.495346695,1.184933651,0.181290181,0.093638137,0.0372646
Sg1533,5.511915123,5.790432581,1510.602634,1.362780503,3959.661385,1070.141122,3338.262235,103.8938318,12.61308713,21.72355854,0.001569344,0.147249944,1.789465623,35.92137082,0.008033424,1.772391095,1.226903361,NA,0.222042042,0.037746889
4722,4.187014341,3.293986538,1384.747213,1.457692129,3863.166687,1304.557383,4137.763291,100.0287829,10.59119016,20.88742277,0.001463612,0.296093624,1.485770114,27.80443364,0.020357105,1.771246941,2.007892634,0.217870388,0.305368397,0.038229256
SC213R,4.66975313,4.155821285,1321.109545,0.907441081,3662.594591,1214.432127,4384.97992,55.93738461,7.548594251,18.03273818,0.001102417,0.287934432,2.250289648,22.34560717,0.015061845,1.214337474,1.104599288,0.165254897,0.29264982,0.040431671
NC33,4.052249395,2.5088915,1345.042647,0.57646563,4105.970626,1135.255336,3969.386076,29.18292219,7.693748531,13.72453032,0.001149369,0.135587898,1.6783251,26.51546993,0.013390579,1.466228611,1.448157259,0.069831244,0.249800977,0.042613001
MoG,4.321194801,2.778404126,1345.493947,0.674142571,3527.070981,1123.704954,4206.03957,60.00385307,5.8371202,19.01876804,0.001091794,0.175959382,1.17024066,22.01994327,0.014351582,1.226734445,2.562364384,0.129174637,0.192559394,0.043174886
Mo45,4.168718255,3.187060698,1292.306687,0.990399407,3064.965287,1124.489684,3452.134316,60.56095222,5.973867149,20.45780641,0.001758689,0.410221557,1.795272748,22.52554718,0.021481379,1.575272126,1.718376849,0.129106395,0.32235471,0.043457749
Mo17,4.426261458,2.412529931,1252.625973,0.710746362,3299.074479,1052.153575,4048.645016,44.04604568,6.226927297,21.15176026,0.001236492,0.105439387,2.314016761,22.09968763,0.013157639,1.604037073,1.453695493,0.116742748,0.418445233,0.044737418
NC344,3.656310417,2.956981708,1260.560568,0.545980822,3088.107581,1021.324829,3678.632561,55.33729051,5.703415513,15.44352125,0.00115511,0.13147617,1.729488644,19.80354513,0.01540952,2.187620834,1.481453735,0.1511108,0.232524748,0.044926061
I29,6.231009171,5.202983923,1747.87445,1.104621163,4702.716668,1090.749485,3563.292851,53.23881442,5.249963385,28.03139597,0.002255163,0.14818793,3.860843008,28.17826462,0.021075858,1.884882561,0.520064997,0.150589677,0.495171716,0.04600765
K4,4.212828603,5.262512148,1438.102089,0.858435308,3080.010403,1167.533294,3398.217853,37.45059195,6.067282278,16.58650211,0.001100933,0.207545453,0.766188514,22.71849837,0.016670729,2.398517469,1.620527514,0.147043872,0.260094642,0.046204915
Mo24W,5.076253544,5.898571506,1191.894333,0.89970513,3846.889675,1168.688662,3620.111551,85.65327646,3.787908117,15.96755454,0.001613414,0.200818044,3.319130395,21.34743692,0.014633846,2.340542869,2.803093467,0.229979034,0.326372358,0.048121767
Tzi16,4.378127337,2.680470909,1469.059482,0.813215238,3636.495117,1227.310925,3920.606529,52.15096527,6.038531925,21.50397068,0.000844123,0.131731517,1.25587174,30.25026978,0.010742684,1.328138843,1.948402285,0.134845119,0.107965166,0.04847491
N7A,3.796003294,2.266586834,1188.012868,0.614682024,2973.239438,1059.046677,3669.946288,29.2877887,3.594058966,16.9060618,0.000915338,0.379454285,2.229178787,20.34128792,0.012020538,1.452189425,1.50003737,0.054324416,0.428992674,0.049520047
B77,4.800577322,1.641732121,1182.188054,0.827963731,3308.039015,1032.950706,4528.728974,57.94535977,5.004995125,19.88812376,0.001251786,0.288606919,1.757754867,20.59899079,0.013202872,0.905883963,2.047599356,0.122565122,0.325787413,0.051044805
A556,4.43741636,1.636657619,1225.041101,0.629788022,3086.018577,1040.760501,3923.307417,32.85963186,6.725965502,21.13893995,0.001162742,0.128772615,2.32461071,21.1598544,0.011607872,0.96828887,1.67236397,0.081216954,0.343593815,0.054120324
Oh40B,5.313780239,2.457012801,1366.801424,1.378643007,3494.934801,1241.846233,4697.634836,51.6419042,6.090195241,24.86260742,0.002274459,0.115931915,3.915290603,26.21641988,0.018798737,2.587607266,1.923831216,0.098052783,0.669521586,0.055115413
N28Ht,4.081516147,3.159937397,1462.01401,0.723037118,3300.341407,989.4356554,3521.207296,55.85519049,5.538530466,18.98519534,0.001215656,0.574491135,1.320902471,29.67440345,0.016671622,1.121905317,1.398495868,0.166992181,0.229064457,0.055359768
R109B,3.849925252,2.180662401,1200.725963,0.6254253,3061.919639,1100.061054,3884.351633,85.13652061,3.601840622,29.75754985,0.00129874,0.193911017,2.050469589,23.66644881,0.011103703,1.671374912,0.979866573,0.197712058,0.211776008,0.059622305
C103,4.473271791,1.819132341,1245.711189,0.611644904,3815.662231,1062.280991,3937.983506,62.98881706,5.686853964,21.20640105,0.002034302,0.170498432,2.498073565,21.00309097,0.017172306,2.756438218,1.528907933,0.096269382,0.373671549,0.059894445
Il14H,5.360893454,4.337168374,1475.362178,0.811284352,4549.439208,1351.937084,6296.845637,69.12990576,7.012338506,24.02558893,0.001355564,0.078288254,1.524108496,23.00689248,0.019738907,2.017492131,2.650050373,0.180773594,0.304756458,0.061479292
Mt42,4.617849149,4.330786568,1449.890833,0.880484907,3089.054914,1021.185589,4010.436878,84.56348204,4.187538879,21.73280123,0.002053855,0.206044537,1.361586178,25.40535746,0.022485577,1.656615575,1.132384117,0.276772676,0.327289582,0.061750604
Sg18,5.984235897,7.514337737,1546.907219,1.09712374,3775.947517,1063.246052,3238.925157,84.20235572,10.09791863,22.80407226,0.002141025,0.261744018,2.437381732,34.89883217,0.027610634,2.194554685,1.746698536,0.235571791,0.367212495,0.062640534
Ki21,3.82429678,1.973122108,1300.018724,0.623379417,3126.827902,1051.380143,4158.084935,55.84863179,5.480867786,18.45862327,0.001033433,0.076867854,3.200685872,24.95690543,0.011395124,2.048327109,1.284386835,0.149120107,0.303558927,0.065359075
B75,4.513885024,1.903752341,1501.242709,0.761578249,3192.828212,1341.945481,3988.859373,58.02465102,5.160345737,21.00027205,0.001382262,0.218872966,1.066286923,26.16149298,0.012491193,1.322400178,1.200674777,0.134954842,0.302596594,0.066658546
A661,3.714229784,2.68571365,1423.891009,0.830003229,3063.891254,1153.829932,3695.528298,51.65453027,4.456386516,18.43377309,0.001452121,0.489855828,2.689755468,20.51972427,0.017935656,1.338471282,1.754259878,0.109785555,0.374684562,0.067461248
GT112,4.871588666,6.038472106,1489.623363,1.770656615,3824.98734,1403.018266,4531.07584,139.077316,12.58597768,21.38430978,0.002035915,0.537032673,5.443438326,29.35674837,0.023906494,1.717346802,1.065632991,0.314157832,0.13200049,0.06760277
H84,4.640916599,2.495760976,1416.53055,0.550383984,3449.092806,1104.95965,3321.011609,49.70399164,4.559866341,16.48855583,0.000928593,0.208752885,1.904291766,25.45401049,0.009602192,1.527081415,1.094187545,0.095707195,0.048656374,0.068224845
NC258,4.631781883,2.814747569,1314.229248,0.768863513,3185.52753,1115.588023,3729.647637,47.68624644,6.124659346,18.8691544,0.001605541,0.205004989,2.116889533,23.34782937,0.014803656,1.47443211,1.68762676,0.083118093,0.19077918,0.068613358
NC362,4.549622307,3.43853885,1248.630224,0.723364752,3202.847033,1171.649448,3561.344384,39.02571357,4.037728176,22.62108436,0.001380287,0.171660712,1.643302491,21.80645661,0.016751069,1.911562554,1.039384682,0.12697197,0.200272521,0.068711937
Tzi11,3.945688328,2.704244632,1150.649835,0.720193535,3484.425996,923.2177725,4248.396906,64.26946043,4.479850259,18.64587933,0.001113874,0.120376022,2.598442137,21.47033212,0.016344171,1.563742889,1.478420814,0.172376448,0.420333625,0.068960021
NC290A,4.814030498,3.33955659,1380.086487,0.94343232,3041.203482,1230.97564,3691.832852,72.98275349,4.797659268,23.2120579,0.001308731,0.266731529,2.679294693,24.81357537,0.011719178,1.806711807,1.279423294,0.195089646,0.210758609,0.075745045
C123,4.206106332,4.70670513,902.0377883,0.976478868,3279.193619,1044.398994,5008.256852,59.20788202,3.046458916,16.18836708,0.001786731,0.390935923,1.712591103,18.32425989,0.01823234,1.394258846,1.635415009,0.202574798,0.246345232,0.077855763
Ky21,3.815687164,1.894675464,1420.757374,0.514044192,3266.941953,989.5613343,4244.515649,86.5988496,5.072550486,17.10060484,0.000866979,0.076631064,3.234448674,23.06269788,0.013790325,1.716299334,1.183985914,0.193682155,0.340734732,0.078709858
NC342,3.84336198,2.694184097,1422.702016,0.47355781,3263.9778,1101.274135,3768.925182,52.2621047,6.013032829,20.5668075,0.001299451,0.272468498,2.506969516,22.84783903,0.015272102,1.114798472,1.894554395,0.12256549,0.187050628,0.078754924
NC232,3.748546405,2.006149634,1302.737401,0.804014973,3057.455308,954.0458437,3125.385098,64.41447187,3.831946428,13.35155076,0.001283349,0.377681947,1.48449435,17.65047879,0.013418827,1.821756499,1.813544545,0.143491432,0.346667518,0.082132187
NC260,4.376811534,3.533847246,1376.438039,0.727893227,3482.115182,1129.716799,3932.213601,64.63060289,8.858640141,26.27558237,0.001715366,0.186952023,0.986128972,29.51548421,0.014325196,1.227206162,1.430909362,0.201669284,0.243149567,0.084157638
NC366,3.642059404,2.344477002,1343.660319,0.58179161,3132.996721,1213.292488,3959.314338,39.01541122,4.663442504,19.47346949,0.001014715,0.235938719,1.68667589,28.72692523,0.009608491,1.248547413,1.417497036,0.125552755,0.189872248,0.086795584
NC354,4.065058872,2.284877893,1069.920482,0.457084029,3283.888094,1222.056542,5083.585288,48.03975964,7.159517048,21.64820802,0.001073341,0.079957899,1.211122675,22.25567964,0.012900675,1.692767224,2.080850803,0.09532665,0.115330866,0.092258338
B76,4.334622187,2.834635095,1306.018863,0.606975207,3413.365061,1100.450273,3840.882257,43.76782006,4.928703033,21.32981332,0.001283845,0.405886197,2.799194388,21.23574379,0.012875729,1.332857682,0.866042917,0.082815523,0.291997703,0.09580082
B37,4.171424158,1.89446997,1498.003802,0.626458359,2976.592789,1166.717522,3334.992976,77.63042794,6.705684003,20.08953828,0.001111564,0.455928938,3.025618884,21.56567891,0.010208897,1.984627132,0.875461102,0.248276897,0.291298628,0.097159833
P39Goodman-Buckler,6.081501151,4.641725066,1393.58095,0.713700782,3603.002015,1144.073233,4896.719784,31.58523649,6.795597985,19.66359138,0.00204588,0.277437041,1.627046837,29.32926457,0.03354528,1.731318544,1.960303718,0.11372997,0.268417602,0.098238234
GA209,5.331536834,1.769545325,1308.438416,0.753819445,3339.808742,1155.489064,4173.134689,37.00027861,6.481813241,28.46421488,0.001221493,0.144459341,1.502174807,39.44268746,0.014525394,1.949760099,1.251772975,0.041471663,0.245260696,0.105318964
NC262,4.641569499,2.869571507,1380.757617,0.883905664,2797.855664,1127.5353,3515.557257,51.01128719,4.29399794,22.39699459,0.001271382,0.165641815,2.432588501,19.03853242,0.011802851,1.233888467,1.470247946,0.069064856,0.14571291,0.107600498
38-11Goodman-Buckler,NA,NA,NA,NA,NA,NA,NA,NA,NA,NA,NA,NA,NA,NA,NA,NA,NA,NA,NA,NA
A6,NA,NA,NA,NA,NA,NA,NA,NA,NA,NA,NA,NA,NA,NA,NA,NA,NA,NA,NA,NA
A441-5,NA,NA,NA,NA,NA,NA,NA,NA,NA,NA,NA,NA,NA,NA,NA,NA,NA,NA,NA,NA
A682,NA,NA,NA,NA,NA,NA,NA,NA,NA,NA,NA,NA,NA,NA,NA,NA,NA,NA,NA,NA
Ab28A,NA,NA,NA,NA,NA,NA,NA,NA,NA,NA,NA,NA,NA,NA,NA,NA,NA,NA,NA,NA
CML5,NA,NA,NA,NA,NA,NA,NA,NA,NA,NA,NA,NA,NA,NA,NA,NA,NA,NA,NA,NA
CML10,NA,NA,NA,NA,NA,NA,NA,NA,NA,NA,NA,NA,NA,NA,NA,NA,NA,NA,NA,NA
CML14,NA,NA,NA,NA,NA,NA,NA,NA,NA,NA,NA,NA,NA,NA,NA,NA,NA,NA,NA,NA
CML38,NA,NA,NA,NA,NA,NA,NA,NA,NA,NA,NA,NA,NA,NA,NA,NA,NA,NA,NA,NA
CML45,NA,NA,NA,NA,NA,NA,NA,NA,NA,NA,NA,NA,NA,NA,NA,NA,NA,NA,NA,NA
CML61,NA,NA,NA,NA,NA,NA,NA,NA,NA,NA,NA,NA,NA,NA,NA,NA,NA,NA,NA,NA
CML69,NA,NA,NA,NA,NA,NA,NA,NA,NA,NA,NA,NA,NA,NA,NA,NA,NA,NA,NA,NA
CML77,NA,NA,NA,NA,NA,NA,NA,NA,NA,NA,NA,NA,NA,NA,NA,NA,NA,NA,NA,NA
CML154Q,NA,NA,NA,NA,NA,NA,NA,NA,NA,NA,NA,NA,NA,NA,NA,NA,NA,NA,NA,NA
CML158Q,NA,NA,NA,NA,NA,NA,NA,NA,NA,NA,NA,NA,NA,NA,NA,NA,NA,NA,NA,NA
CML228,NA,NA,NA,NA,NA,NA,NA,NA,NA,NA,NA,NA,NA,NA,NA,NA,NA,NA,NA,NA
CML254,NA,NA,NA,NA,NA,NA,NA,NA,NA,NA,NA,NA,NA,NA,NA,NA,NA,NA,NA,NA
CML258,NA,NA,NA,NA,NA,NA,NA,NA,NA,NA,NA,NA,NA,NA,NA,NA,NA,NA,NA,NA
CML261,NA,NA,NA,NA,NA,NA,NA,NA,NA,NA,NA,NA,NA,NA,NA,NA,NA,NA,NA,NA
CML264,NA,NA,NA,NA,NA,NA,NA,NA,NA,NA,NA,NA,NA,NA,NA,NA,NA,NA,NA,NA
CML277,NA,NA,NA,NA,NA,NA,NA,NA,NA,NA,NA,NA,NA,NA,NA,NA,NA,NA,NA,NA
CML281,NA,NA,NA,NA,NA,NA,NA,NA,NA,NA,NA,NA,NA,NA,NA,NA,NA,NA,NA,NA
CML287,NA,NA,NA,NA,NA,NA,NA,NA,NA,NA,NA,NA,NA,NA,NA,NA,NA,NA,NA,NA
CML321,NA,NA,NA,NA,NA,NA,NA,NA,NA,NA,NA,NA,NA,NA,NA,NA,NA,NA,NA,NA
CML328,NA,NA,NA,NA,NA,NA,NA,NA,NA,NA,NA,NA,NA,NA,NA,NA,NA,NA,NA,NA
CML341,NA,NA,NA,NA,NA,NA,NA,NA,NA,NA,NA,NA,NA,NA,NA,NA,NA,NA,NA,NA
D940Y,NA,NA,NA,NA,NA,NA,NA,NA,NA,NA,NA,NA,NA,NA,NA,NA,NA,NA,NA,NA
EP1,NA,NA,NA,NA,NA,NA,NA,NA,NA,NA,NA,NA,NA,NA,NA,NA,NA,NA,NA,NA
Hi27Goodman-Buckler,NA,NA,NA,NA,NA,NA,NA,NA,NA,NA,NA,NA,NA,NA,NA,NA,NA,NA,NA,NA
HP301,NA,NA,NA,NA,NA,NA,NA,NA,NA,NA,NA,NA,NA,NA,NA,NA,NA,NA,NA,NA
I205,NA,NA,NA,NA,NA,NA,NA,NA,NA,NA,NA,NA,NA,NA,NA,NA,NA,NA,NA,NA
Ki11,NA,NA,NA,NA,NA,NA,NA,NA,NA,NA,NA,NA,NA,NA,NA,NA,NA,NA,NA,NA
L317,NA,NA,NA,NA,NA,NA,NA,NA,NA,NA,NA,NA,NA,NA,NA,NA,NA,NA,NA,NA
MEF156-55-2,NA,NA,NA,NA,NA,NA,NA,NA,NA,NA,NA,NA,NA,NA,NA,NA,NA,NA,NA,NA
NC236,NA,NA,NA,NA,NA,NA,NA,NA,NA,NA,NA,NA,NA,NA,NA,NA,NA,NA,NA,NA
NC304,NA,NA,NA,NA,NA,NA,NA,NA,NA,NA,NA,NA,NA,NA,NA,NA,NA,NA,NA,NA
NC324,NA,NA,NA,NA,NA,NA,NA,NA,NA,NA,NA,NA,NA,NA,NA,NA,NA,NA,NA,NA
NC350,NA,NA,NA,NA,NA,NA,NA,NA,NA,NA,NA,NA,NA,NA,NA,NA,NA,NA,NA,NA
NC360,NA,NA,NA,NA,NA,NA,NA,NA,NA,NA,NA,NA,NA,NA,NA,NA,NA,NA,NA,NA
SC357,NA,NA,NA,NA,NA,NA,NA,NA,NA,NA,NA,NA,NA,NA,NA,NA,NA,NA,NA,NA
T232,NA,NA,NA,NA,NA,NA,NA,NA,NA,NA,NA,NA,NA,NA,NA,NA,NA,NA,NA,NA
Tzi10,NA,NA,NA,NA,NA,NA,NA,NA,NA,NA,NA,NA,NA,NA,NA,NA,NA,NA,NA,NA
Tzi18,NA,NA,NA,NA,NA,NA,NA,NA,NA,NA,NA,NA,NA,NA,NA,NA,NA,NA,NA,NA
U267Y,NA,NA,NA,NA,NA,NA,NA,NA,NA,NA,NA,NA,NA,NA,NA,NA,NA,NA,NA,NA
VaW6,NA,NA,NA,NA,NA,NA,NA,NA,NA,NA,NA,NA,NA,NA,NA,NA,NA,NA,NA,NA